endothelial,immune,infla2,bp,renal
ABL1,ABL1,ACE2,ACE,ACE
ACVRL1,ACE,ACP5,ACE2,ACP5
ADD1,ACP5,ACTN4,ACP5,ACTA2
ADGRG1,ACTN2,ADA,ACTA2,ACTN4
AGT,ACTN4,ADA2,ACTN4,ACVRL1
AKT3,ACVRL1,ADAM8,ACVRL1,ADA
AMOT,ADA,ADAMTSL2,ADA2,ADA2
ANG,ADA2,ADGRE2,ADAMTS16,ADAMTS1
ANGPT1,ADAM15,ADGRE5,ADAMTSL4,ADAMTS13
ANGPT2,ADAM8,ADIPOQ,ADD1,ADAMTS16
ANGPTL4,ADAMTS13,ADM,ADIPOQ,ADGRF5
ANXA1,ADAMTSL2,AGER,ADM,ADGRG2
ANXA3,ADGRE1,AGR2,AGR2,ADIPOQ
APOA1,ADGRE2,AGT,AGT,ADM
APOE,ADGRF5,AHSG,ALMS1,AGT
APOH,ADIPOQ,AIF1,APOA1,AGXT
ARNT,AGER,AK2,APOB,AKR1B1
ATF4,AGR2,ALMS1,APRT,AKT3
ATP2B4,AGRN,ANGPT2,ARSA,ALMS1
ATP5IF1,AGXT,ANXA1,ARSB,AMN
AXL,AIF1,AOC3,ATP1B1,ANGPT1
BMP10,AK2,AP3B1,ATP6AP2,ANGPT2
BMP4,AKT2,APCS,B2M,AP2B1
BMP6,ALCAM,APOA1,BANK1,APOA1
BMPER,ALMS1,APOD,BCL7B,APOB
C3,AMBP,APOE,BMP6,APOE
C5,AMN,APOL1,BSND,APOL1
CCL11,ANG,APP,C3,APRT
CCL2,ANGPT1,APPL2,CA2,ARG2
CCL21,ANGPT2,ARG2,CACNA1C,ASS1
CCL24,ANKRD54,ARNT,CACNA1H,ATP5F1D
CCL25,ANXA1,ARSB,CALCA,B2M
CCL26,ANXA3,ASAH1,CBS,B4GAT1
CCL28,AP3B1,ASS1,CCN2,BAG6
CCN3,APBB1IP,ATRN,CD2AP,BANK1
CD160,APCS,AXIN1,CD46,BAX
CD248,APOA1,AXL,CDH23,BCL2
CD34,APOA2,AZU1,CDKN1A,BCL2L11
CD40,APOA4,B2M,CELA2A,BCL7B
CD40LG,APOD,B4GALT1,CEP164,BCR
CD63,APOE,BANK1,CEP290,BMP10
CDH5,APOL1,BCL7B,CFB,BMP4
CEACAM1,APP,BCR,CFH,BMP6
CEACAM6,APPL2,BIRC2,CFI,BMPER
CLEC14A,APRT,BLNK,CHGA,BSND
COL18A1,ARG1,BMP4,CLIP2,BTC
CRKL,ARG2,BMP6,COL1A1,C1QA
CXCL10,ARHGEF1,BST1,COL3A1,C1QBP
CXCL12,ARL2BP,BTD,COL4A4,C3
CXCL13,ARNT,C1QA,COL5A1,CA2
CXCL17,ARSB,C1R,COMT,CALB1
DBH,ARTN,C1S,COQ7,CASP10
DCN,ASAH1,C2orf69,COX6B1,CASP9
DLL1,ASS1,C3,CPOX,CAT
DLL4,ATP1B1,C5,CR2,CCN2
DNAJA4,ATP6AP2,CACNA1C,CTLA4,CCND2
DPP4,AXIN1,CALCA,CTSZ,CD109
ECE1,AXL,CAPN3,DBH,CD2AP
ECM1,AZI2,CASP1,DCTN1,CD34
ECSCR,AZU1,CASP10,DDAH1,CD46
EDF1,B2M,CASP4,DDC,CDC42BPB
EDN1,B4GALT1,CASP8,DLK1,CDKL5
EDNRB,BAG3,CAT,DLL1,CDKN1A
EFNA1,BAG6,CBS,DLL4,CDON
EFNB2,BANK1,CCL11,ECE1,CEACAM3
EGF,BATF,CCL13,EDA2R,CEACAM6
EGFL7,BAX,CCL14,EDN1,CENPF
EIF2AK3,BCHE,CCL15,EDNRB,CENPJ
EPHA2,BCL2,CCL16,EGFR,CEP152
EPHB4,BCL2L11,CCL17,EIF4G1,CEP164
ERN1,BCL7B,CCL18,ELN,CEP290
EZR,BCR,CCL19,ENG,CFB
F11R,BGLAP,CCL2,ENPEP,CFH
F3,BID,CCL20,F2R,CFHR5
FAP,BIRC2,CCL21,FCGR2B,CFI
FASLG,BLNK,CCL22,FCGR3B,CHEK2
FGA,BLOC1S3,CCL23,FGA,CIT
FGF16,BMP4,CCL24,FGFR2,CLEC7A
FGF2,BPIFB1,CCL25,FH,CLIP2
FGF21,BRD1,CCL26,FLT1,COL18A1
FGF7,BST1,CCL3,FMR1,COL3A1
FGF9,BST2,CCL4,FN1,COL4A1
FGFBP1,BTD,CCL5,GAS6,COL4A4
FLT1,BTLA,CCL7,GDF2,COMT
FLT3,BTN1A1,CCL8,GIGYF2,COPB2
FLT4,BTN2A1,CCN3,GLA,COQ7
FSTL1,BTN3A2,CCN4,GLI2,CPOX
FUT1,C1GALT1C1,CCT5,GLP1R,CR2
GAS6,C1QA,CD14,GNAS,CRLF1
GATA3,C1QBP,CD163,GP1BB,CRTAP
GCNT1,C1R,CD200,GPR101,CTLA4
GDF2,C1RL,CD200R1,GSN,CTSH
GHRL,C1S,CD27,GTF2IRD1,CYP24A1
GP1BA,C2,CD28,HMBS,DCC
GPI,C2orf69,CD2AP,HMGCL,DCLRE1C
GRN,C3,CD36,HMOX1,DLK1
HDAC9,C4BPB,CD3D,HNRNPK,DLL1
HEG1,C5,CD3E,HSPG2,DLL4
HGS,C7,CD3G,IDS,DMP1
HHEX,C8B,CD4,IDUA,DNAJC21
HIF1A,C9,CD40,IFNG,EDN1
HMOX1,CA2,CD40LG,IKBKG,EDNRB
HPSE,CACNA1C,CD5L,IL10,EFNB2
HRG,CACNB3,CD6,IL12B,EIF2AK3
HSPB1,CALCOCO2,CD79B,IL12RB1,ELN
HSPG2,CAPN3,CDC42BPB,IL6ST,ENG
ICAM1,CASP1,CDH1,IRAK1,ENPEP
IL10,CASP10,CDH23,ITGAM,EP300
IL11,CASP3,CDH5,JMJD1C,EPCAM
IL12B,CASP4,CDON,KIT,EPHA4
IL13,CASP8,CDSN,KLK1,ERBB3
IL1A,CAT,CEACAM3,KRT18,ERBB4
IL1B,CBS,CEACAM6,KYNU,F10
IL4,CCL11,CEBPA,LDLR,F2
IL6,CCL13,CEBPB,LDLRAP1,F2R
IL6R,CCL14,CFB,LEP,FADD
IL6ST,CCL15,CFHR5,LEPR,FAM20A
IRAK1,CCL16,CFI,LIFR,FAS
ITGA5,CCL17,CHI3L1,LMNB1,FASLG
ITGAX,CCL18,CLEC7A,LZTFL1,FCGR2A
ITGB1,CCL19,CLIP2,MAX,FCGR2B
ITGB1BP1,CCL2,CLU,MFAP5,FCGR3B
ITGB2,CCL20,CNTF,MPI,FGA
ITGB7,CCL21,COL2A1,MST1,FGF2
JAM2,CCL22,COL3A1,NAA10,FGF20
KDR,CCL23,COL4A4,NFKB2,FGF23
KLF4,CCL24,COL5A1,NFU1,FGFR2
LEP,CCL25,COMT,NOS1,FH
LGALS8,CCL26,CORO1A,NOS2,FLI1
LGMN,CCL28,CPA1,NOS3,FLT1
LRG1,CCL3,CPTP,NOTCH1,FN1
MAP3K5,CCL4,CR2,NOTCH2,FUT8
MAPKAPK2,CCL5,CRH,NOTCH3,GALNT3
MDK,CCL7,CRHBP,NPPB,GAS6
MET,CCL8,CRLF1,NPR1,GATA3
MMP12,CCN2,CSF1,NPY,GCNT1
MYDGF,CCN3,CSF1R,OFD1,GDF2
MYH9,CCT5,CSF2RA,PCSK9,GDNF
NFAT5,CD101,CSF2RB,PDCD1,GFRA1
NGFR,CD109,CSRP3,PDE4D,GLA
NOS3,CD14,CST6,PDGFB,GLI2
NOTCH1,CD160,CST7,PKD1,GNAS
NRP1,CD177,CTLA4,PKD2,GP1BA
NRP2,CD1C,CTRC,PLIN1,GP1BB
PAK4,CD2,CTSB,POMC,GPKOW
PDCD6,CD200,CTSC,POSTN,GRHPR
PDE4D,CD200R1,CTSL,PRCP,GSN
PDGFB,CD209,CX3CL1,PRKAR1A,GTF2IRD1
PDGFRA,CD22,CXCL1,PRKG1,HDAC8
PDGFRB,CD226,CXCL10,PRTN3,HMBS
PECAM1,CD244,CXCL11,PSAP,HMOX1
PGF,CD248,CXCL13,REN,HNF1A
PLCB1,CD27,CXCL17,REST,HNRNPK
PLG,CD274,CXCL3,RET,HRAS
PLXNB3,CD276,CXCL5,RYR1,HS3ST3B1
PODXL2,CD28,CXCL6,SCARB2,HS6ST1
PPP1R12A,CD2AP,CXCL8,SCN2B,HSPG2
PRCP,CD300A,CXCL9,SCPEP1,IFNG
PRKD2,CD300LF,DCLRE1C,SDCCAG8,IFNGR1
PRL,CD33,DDT,SDHB,IFT20
PROC,CD36,DLK1,SEMA4D,IL10
PROK1,CD38,DLL1,SERPINA6,IL17F
PTN,CD3D,DNAJC21,SERPINF2,IL17RA
PTP4A3,CD3E,DPEP1,SERPING1,IL2RG
PTPN1,CD3G,ECM1,SFTPA2,IL6
PTPRM,CD4,EDAR,SH2B3,IL6R
PTPRS,CD40,EDNRB,SHPK,IL7R
PXN,CD40LG,EGFR,SLC4A1,INPPL1
RAP1A,CD46,EIF2AK2,SMAD2,INSL3
RAPGEF2,CD5,ELN,SMAD3,INSR
RGCC,CD55,EP300,SNCA,IRAK1
RICTOR,CD58,EPCAM,SNX5,ITGA2
ROBO1,CD59,EPHA2,SOD1,ITGA6
ROBO4,CD5L,EPHB4,SOD2,ITGAM
RRAS,CD6,EPO,SPP1,JAM3
S100A12,CD7,ERCC1,SPRY2,JCHAIN
S100P,CD70,ESR1,STAT2,JMJD1C
SCARB1,CD74,F11R,TET2,KIRREL1
SCG2,CD79B,F12,TGFB2,KRT17
SELE,CD80,F13B,TGFBR1,KYNU
SELL,CD83,F2,TGFBR2,LCAT
SELP,CD84,F2R,TGFBR3,LDLR
SELPLG,CD86,F3,THBD,LDLRAP1
SERPINE1,CD8A,FABP4,THPO,LGMN
SERPINF1,CD99,FADD,THSD1,LIF
SH3BP1,CD99L2,FAS,TNF,LMNB1
SIRT1,CDC37,FASLG,TNFRSF11A,LMNB2
SLIT2,CDC42BPB,FCER1A,TNFRSF11B,LMOD1
SMOC2,CDH1,FCGR2A,TNFSF11,LONP1
SPARC,CDH17,FCGR2B,TNIP1,LRP2
SPRY2,CDH23,FCGR3B,TNNI3,LZTFL1
SRC,CDH3,FGA,TP53,MAGED1
STC1,CDKN1A,FGF3,TSC1,MAP2K1
TDGF1,CDON,FGFR2,TTR,MARS1
TEK,CDSN,FGR,UFD1,MASP1
TGFB1,CEACAM1,FH,UMOD,MAX
TGFBR1,CEACAM20,FLI1,USP8,MCAM
THBS4,CEACAM3,FLT4,VEGFC,MCFD2
TIE1,CEACAM6,FMR1,ZFYVE19,MET
TJP3,CEBPA,FN1,NTproBNP,MIF
TNF,CEBPB,FOLR2,,MME
TNFRSF1A,CFB,FOS,,MMP1
TNFSF12,CFD,FURIN,,MMP9
TNXB,CFH,GATA3,,MMUT
VASH1,CFHR2,GBP2,,MOCS2
VCAM1,CFHR4,GGT1,,MPI
VEGFA,CFHR5,GGT5,,MST1
VEGFB,CFI,GHRL,,MTSS1
VEGFC,CFP,GIT1,,MVK
VEGFD,CHEK2,GLB1,,MYH9
,CHGA,GLI2,,NAA10
,CLC,GNAS,,NBN
,CLEC10A,GP1BB,,NDUFS6
,CLEC4A,GPIHBP1,,NID1
,CLEC4C,GPR101,,NOTCH1
,CLEC4D,GRN,,NOTCH2
,CLEC4G,GSN,,NOTCH3
,CLEC4M,GSTP1,,NPHS1
,CLEC5A,GTF2IRD1,,NPHS2
,CLEC6A,GUCY2C,,NPM1
,CLEC7A,GUSB,,NPPB
,CLIP2,HAVCR2,,NPR1
,CLU,HDAC8,,NRP1
,COL1A1,HDAC9,,OCLN
,COL2A1,HGF,,OFD1
,COL3A1,HIF1A,,OPLAH
,COL4A4,HLA-A,,PCSK9
,COL5A1,HLA-E,,PDCD1
,COL6A3,HMGCL,,PDGFA
,COLEC12,HMOX1,,PDGFB
,COMT,HSPG2,,PDGFRA
,CORO1A,HYAL1,,PDGFRB
,CPA1,HYOU1,,PECAM1
,CPLX2,IDO1,,PKD1
,CPTP,IDS,,PKD2
,CR1,IDUA,,PLA2G2A
,CR2,IFNG,,PLG
,CRACR2A,IFNGR1,,PMM2
,CREB3,IFNGR2,,PODXL
,CRISP3,IGBP1,,PON3
,CRKL,IGF2R,,PPM1B
,CRLF1,IGSF3,,PQBP1
,CRTAM,IKBKG,,PRDX1
,CSF1,IL10,,PRKAR1A
,CSF1R,IL10RA,,PRTN3
,CSF2RA,IL10RB,,PTEN
,CSF2RB,IL12B,,PTH
,CSF3,IL12RB1,,PTH1R
,CSF3R,IL13,,PTK7
,CSNK2A1,IL15,,RAB3GAP1
,CSRP3,IL16,,RAD51
,CST6,IL17A,,RASA1
,CST7,IL17C,,REN
,CTLA4,IL17D,,REST
,CTRC,IL17F,,RET
,CTSB,IL17RA,,RIPK4
,CTSC,IL18,,ROBO1
,CTSH,IL18BP,,ROBO2
,CTSL,IL18R1,,RPS10
,CTSS,IL18RAP,,RRM2B
,CX3CL1,IL1A,,RYR1
,CXCL1,IL1B,,SAT1
,CXCL10,IL1R1,,SCARB2
,CXCL11,IL1R2,,SCARF2
,CXCL12,IL1RAP,,SCN2A
,CXCL13,IL1RL1,,SDC1
,CXCL14,IL1RL2,,SDC4
,CXCL16,IL1RN,,SDCCAG8
,CXCL17,IL2,,SDHB
,CXCL3,IL20,,SEMA4D
,CXCL5,IL20RB,,SERPINA1
,CXCL6,IL21R,,SERPINF1
,CXCL8,IL22,,SERPINF2
,CXCL9,IL22RA1,,SERPINH1
,DAPK2,IL25,,SF3B4
,DBH,IL2RA,,SFRP1
,DBNL,IL2RB,,SHH
,DCLRE1C,IL2RG,,SHPK
,DDT,IL31RA,,SLC34A3
,DDX1,IL33,,SLC4A1
,DEFB116,IL34,,SLIT2
,DEFB118,IL36A,,SMAD1
,DGCR6,IL36G,,SMAD2
,DGKZ,IL4,,SMAD3
,DHPS,IL4R,,SMAD5
,DLK1,IL5,,SMC3
,DLL1,IL5RA,,SMOC1
,DLL4,IL6,,SMS
,DMD,IL6R,,SNAP29
,DMP1,IL6ST,,SOX9
,DNAJC21,IL7,,SPART
,DPP4,IL7R,,SPINK5
,DSG2,IL9,,SPINT2
,DUSP3,IRAK1,,SPP1
,DUT,ITGA6,,SPRY2
,EBAG9,ITGAL,,SRC
,ECE1,ITGAM,,STAT2
,ECM1,ITGB1,,STAT5B
,EDAR,ITGB2,,STC1
,EDN1,ITGB6,,STK11
,EDNRB,ITIH4,,STX3
,EFNB2,JAM3,,TACSTD2
,EGFR,JMJD1C,,TCN2
,EIF2AK2,KIRREL1,,TCTN3
,EIF2AK3,KIT,,TDGF1
,ELN,KLF4,,TEK
,ENG,KLKB1,,TFAP2A
,EP300,KRT14,,TGFB1
,EPCAM,KRT17,,TGFB2
,EPHB4,KRT18,,TGFBR1
,EPO,KRT5,,THBD
,ERBB2,KYNU,,TLR2
,ERBB3,LAT,,TLR4
,ERBIN,LBP,,TNIP1
,ERCC1,LBR,,TNXB
,EREG,LDLR,,TP53
,ERMAP,LEP,,TP73
,ESR1,LETM1,,TPRKB
,EVI2B,LGALS1,,TRAF3IP2
,EVPL,LGALS9,,TSC1
,EZR,LILRA5,,TTR
,F12,LILRB4,,TXNDC15
,F13B,LMNB1,,UFD1
,F2,LMNB2,,UMOD
,F3,LONP1,,UPK3A
,F7,LPL,,USP8
,FADD,LRP1,,VEGFA
,FAS,LTA,,WARS
,FASLG,LTBP3,,WAS
,FCAMR,LXN,,XRCC4
,FCAR,LY75,,YAP1
,FCER1A,LY96,,YY1
,FCER2,LYN,,ZBTB16
,FCGR2A,MAPK13,,ZPR1
,FCGR2B,MAPK9,,NTproBNP
,FCGR3B,MAPKAPK2,,
,FCN1,MAPT,,
,FCN2,MAVS,,
,FCRL3,MBL2,,
,FCRLB,MDK,,
,FDX2,MEGF10,,
,FES,MEP1B,,
,FGA,MET,,
,FGF23,MGLL,,
,FGF3,MIF,,
,FGFR2,MME,,
,FGL1,MMP1,,
,FGR,MMP3,,
,FH,MMP8,,
,FLI1,MMP9,,
,FLT1,MMUT,,
,FLT3,MST1,,
,FLT4,MVK,,
,FMR1,MYH9,,
,FN1,NAA10,,
,FOS,NBN,,
,FOXO3,NCF2,,
,FSHB,NDST1,,
,FSTL3,NECTIN1,,
,FTCD,NEK7,,
,FUCA1,NFATC3,,
,FURIN,NFKB1,,
,FUT8,NFKB2,,
,FYB1,NFX1,,
,GAL,NGF,,
,GAPDH,NINJ1,,
,GAS6,NMI,,
,GATA3,NOS1,,
,GBP1,NOS2,,
,GBP2,NOTCH1,,
,GBP4,NOTCH2,,
,GBP6,NPHS1,,
,GCNT1,NPHS2,,
,GDNF,NPM1,,
,GFER,NT5E,,
,GFRA1,ODAM,,
,GFRA2,OFD1,,
,GFRAL,OLR1,,
,GGT1,OPLAH,,
,GHR,ORM1,,
,GIGYF2,OSM,,
,GLB1,OSMR,,
,GLI2,PARK7,,
,GNAS,PBK,,
,GNE,PBXIP1,,
,GNLY,PDCD1,,
,GP1BA,PDGFRA,,
,GP1BB,PEPD,,
,GP2,PF4,,
,GPI,PGLYRP1,,
,GPIHBP1,PGLYRP2,,
,GPNMB,PIK3AP1,,
,GPR101,PKD1,,
,GRHPR,PKD2,,
,GRN,PLA2G10,,
,GRP,PLA2G2A,,
,GSN,PLA2G7,,
,GTF2IRD1,PLG,,
,GUCY2C,PMM2,,
,GUSB,PNMA1,,
,GZMA,PPBP,,
,GZMB,PRCP,,
,HAVCR1,PRDX2,,
,HAVCR2,PRDX5,,
,HCLS1,PRKAR1A,,
,HDAC8,PRKCQ,,
,HEXIM1,PROC,,
,HIF1A,PRSS2,,
,HLA-A,PRTN3,,
,HLA-DRA,PSMA1,,
,HLA-E,PTEN,,
,HMGCL,PTN,,
,HMOX1,PTPN6,,
,HNF1A,PTPRC,,
,HNMT,PTX3,,
,HRAS,PYDC1,,
,HRG,RAB44,,
,HSPA1A,RANBP2,,
,HSPG2,RARRES2,,
,HTRA2,REG3A,,
,HYAL1,REG3G,,
,HYOU1,RELB,,
,ICAM1,RET,,
,ICOSLG,RICTOR,,
,IDO1,RNASEH2A,,
,IDS,RNF168,,
,IDUA,RPGR,,
,IFIT1,RYR1,,
,IFIT3,S100A12,,
,IFNAR1,SAA4,,
,IFNG,SAT1,,
,IFNGR1,SCG2,,
,IFNGR2,SCGB1A1,,
,IFNL1,SDCCAG8,,
,IFNL2,SDHB,,
,IFNLR1,SELE,,
,IFNW1,SELP,,
,IGBP1,SEMA4D,,
,IGF2R,SEMA7A,,
,IGFBP2,SERPINA1,,
,IGLC2,SERPINA3,,
,IGSF3,SERPINE1,,
,IKBKG,SERPINF2,,
,IL10,SERPINH1,,
,IL10RA,SH2D1A,,
,IL10RB,SHH,,
,IL12B,SHPK,,
,IL12RB1,SIGLEC1,,
,IL12RB2,SIGLEC10,,
,IL13,SIRPA,,
,IL13RA1,SIRT1,,
,IL13RA2,SIRT2,,
,IL15,SLAMF1,,
,IL15RA,SLAMF8,,
,IL17A,SLC27A4,,
,IL17D,SLC4A1,,
,IL17F,SLURP1,,
,IL17RA,SMAD1,,
,IL17RB,SMAD3,,
,IL18,SMARCA2,,
,IL18BP,SMC3,,
,IL18R1,SMPDL3B,,
,IL18RAP,SNAP23,,
,IL1A,SNAP29,,
,IL1B,SNCA,,
,IL1R1,SOD1,,
,IL1R2,SPAG1,,
,IL1RAP,SPINK1,,
,IL1RL1,SPINK5,,
,IL1RL2,SPP1,,
,IL1RN,SPTLC1,,
,IL2,SRC,,
,IL20,ST6GAL1,,
,IL20RA,STAT2,,
,IL20RB,STAT5B,,
,IL21R,STK4,,
,IL22RA1,STX16,,
,IL2RA,STXBP1,,
,IL2RB,SUOX,,
,IL2RG,TAB2,,
,IL31RA,TAP1,,
,IL33,TARS1,,
,IL34,TDGF1,,
,IL36A,TEK,,
,IL36G,TET2,,
,IL3RA,TFRC,,
,IL4,TG,,
,IL4R,TGFB1,,
,IL5,TGFB2,,
,IL5RA,TGFBR1,,
,IL6,TGFBR2,,
,IL6R,TIMM8A,,
,IL6ST,TIMP1,,
,IL7,TLR1,,
,IL7R,TLR2,,
,IL9,TLR3,,
,INPP5D,TLR4,,
,INPPL1,TNC,,
,INSR,TNF,,
,IRAK1,TNFAIP8L2,,
,IRAK4,TNFRSF11A,,
,ITGA2,TNFRSF13B,,
,ITGA6,TNFRSF13C,,
,ITGAL,TNFRSF1A,,
,ITGAM,TNFRSF1B,,
,ITGB2,TNFRSF4,,
,ITM2A,TNFRSF9,,
,IVD,TNFSF11,,
,JAM2,TNFSF12,,
,JAM3,TNIP1,,
,JCHAIN,TP53,,
,JMJD1C,TP73,,
,KIR3DL1,TPM3,,
,KIRREL1,TPR,,
,KIT,TRAF3IP2,,
,KITLG,TREM2,,
,KLK3,TSLP,,
,KLK7,TYRO3,,
,KLRB1,UFD1,,
,KLRC1,UMOD,,
,KLRD1,UNG,,
,KLRF1,UROD,,
,KLRK1,UROS,,
,KRT14,USP8,,
,KRT17,VAMP8,,
,KRT18,VCAM1,,
,KRT5,VNN1,,
,KYNU,WAS,,
,LAG3,WFDC1,,
,LAIR1,XCL1,,
,LAMA4,XIAP,,
,LAMP1,YES1,,
,LAMP3,ZBP1,,
,LAT,ZBTB16,,
,LAT2,ZP3,,
,LBP,,,
,LBR,,,
,LCN2,,,
,LCP1,,,
,LDLR,,,
,LEO1,,,
,LEP,,,
,LEPR,,,
,LETM1,,,
,LGALS1,,,
,LGALS3,,,
,LGALS4,,,
,LGALS9,,,
,LGMN,,,
,LIF,,,
,LIFR,,,
,LILRA2,,,
,LILRA3,,,
,LILRA4,,,
,LILRA5,,,
,LILRA6,,,
,LILRB1,,,
,LILRB2,,,
,LILRB4,,,
,LILRB5,,,
,LMNB1,,,
,LMNB2,,,
,LMOD1,,,
,LMOD2,,,
,LONP1,,,
,LPL,,,
,LPP,,,
,LRCH4,,,
,LRP1,,,
,LTA,,,
,LTB,,,
,LTBP3,,,
,LTBR,,,
,LY9,,,
,LY96,,,
,LYAR,,,
,LYN,,,
,LYVE1,,,
,MAD1L1,,,
,MAP2K1,,,
,MAP2K6,,,
,MAP3K5,,,
,MAPK9,,,
,MAPKAPK2,,,
,MARCO,,,
,MASP1,,,
,MAVS,,,
,MBL2,,,
,MDK,,,
,MEGF10,,,
,MERTK,,,
,MET,,,
,MIF,,,
,MILR1,,,
,MME,,,
,MMP1,,,
,MMP12,,,
,MMP3,,,
,MMP8,,,
,MMUT,,,
,MNDA,,,
,MOG,,,
,MORC3,,,
,MPO,,,
,MRC1,,,
,MST1,,,
,MSTN,,,
,MTUS1,,,
,MVK,,,
,MYH9,,,
,MZB1,,,
,NAA10,,,
,NAGK,,,
,NBL1,,,
,NBN,,,
,NCF2,,,
,NCK2,,,
,NCR1,,,
,NCR3LG1,,,
,NECTIN1,,,
,NECTIN2,,,
,NEDD9,,,
,NEK7,,,
,NEXN,,,
,NFASC,,,
,NFKB1,,,
,NFKB2,,,
,NGF,,,
,NINJ1,,,
,NMI,,,
,NOS1,,,
,NOS2,,,
,NOTCH1,,,
,NOTCH2,,,
,NPC2,,,
,NPHS1,,,
,NPHS2,,,
,NPM1,,,
,NPTN,,,
,NRTN,,,
,NUB1,,,
,OFD1,,,
,OPLAH,,,
,ORM1,,,
,OSMR,,,
,OTUD7B,,,
,PACS2,,,
,PADI2,,,
,PADI4,,,
,PAG1,,,
,PALLD,,,
,PARK7,,,
,PARP1,,,
,PCBP2,,,
,PDCD1,,,
,PDCD1LG2,,,
,PDE4D,,,
,PDE5A,,,
,PDGFRA,,,
,PDGFRB,,,
,PEPD,,,
,PF4,,,
,PGF,,,
,PGLYRP1,,,
,PGLYRP2,,,
,PGLYRP4,,,
,PI3,,,
,PIBF1,,,
,PIGR,,,
,PIK3AP1,,,
,PITHD1,,,
,PKD1,,,
,PKD2,,,
,PKLR,,,
,PLA2G10,,,
,PLA2G1B,,,
,PLA2G2A,,,
,PLA2G4A,,,
,PLA2G7,,,
,PLCB1,,,
,PLG,,,
,PMM2,,,
,POLR2A,,,
,PPBP,,,
,PPT1,,,
,PQBP1,,,
,PRDX1,,,
,PRDX2,,,
,PRG2,,,
,PRKAR1A,,,
,PRKCQ,,,
,PRKD2,,,
,PRSS2,,,
,PRTN3,,,
,PSAP,,,
,PSG1,,,
,PSMA1,,,
,PTEN,,,
,PTGDS,,,
,PTN,,,
,PTPN1,,,
,PTPN6,,,
,PTPRC,,,
,PTPRS,,,
,PTX3,,,
,PVR,,,
,PYDC1,,,
,RAB2B,,,
,RAB44,,,
,RAC3,,,
,RAD51,,,
,RANBP2,,,
,RARRES2,,,
,RASA1,,,
,RASSF2,,,
,RCOR1,,,
,REG1A,,,
,REG1B,,,
,REG3A,,,
,REG3G,,,
,RELB,,,
,RET,,,
,RGCC,,,
,RNASE3,,,
,RNASE4,,,
,RNASE6,,,
,RNASEH2A,,,
,RNASET2,,,
,RNF168,,,
,RNF31,,,
,RNF41,,,
,RPGR,,,
,RPS10,,,
,RYR1,,,
,S100A12,,,
,S100A13,,,
,S100A14,,,
,SAMD9L,,,
,SART1,,,
,SAT1,,,
,SATB1,,,
,SCARB1,,,
,SCARB2,,,
,SCGB1A1,,,
,SCGB3A2,,,
,SCIN,,,
,SCRIB,,,
,SDC4,,,
,SDCCAG8,,,
,SDHB,,,
,SELE,,,
,SELP,,,
,SEMA4D,,,
,SEMA7A,,,
,SERPINA1,,,
,SERPINB9,,,
,SERPINE1,,,
,SERPING1,,,
,SERPINH1,,,
,SFRP1,,,
,SFTPA1,,,
,SFTPA2,,,
,SFTPD,,,
,SGSH,,,
,SH2B3,,,
,SH2D1A,,,
,SHH,,,
,SHPK,,,
,SIAE,,,
,SIGLEC10,,,
,SIGLEC15,,,
,SIRPA,,,
,SIRPB1,,,
,SIRT1,,,
,SIRT2,,,
,SIT1,,,
,SKAP1,,,
,SLA2,,,
,SLAMF1,,,
,SLAMF6,,,
,SLAMF7,,,
,SLAMF8,,,
,SLC1A4,,,
,SLC27A4,,,
,SLC4A1,,,
,SLIT2,,,
,SLURP1,,,
,SMAD3,,,
,SMARCA2,,,
,SMC3,,,
,SMPD1,,,
,SMPD3,,,
,SMPDL3B,,,
,SNAP23,,,
,SNAP25,,,
,SNAP29,,,
,SNCA,,,
,SOD1,,,
,SOX9,,,
,SPAG1,,,
,SPINK1,,,
,SPINK5,,,
,SPON2,,,
,SPP1,,,
,SPRED2,,,
,SPTLC1,,,
,SRC,,,
,SRPK2,,,
,SSC5D,,,
,ST3GAL1,,,
,ST6GAL1,,,
,STAT2,,,
,STAT5B,,,
,STK11,,,
,STK4,,,
,STOML2,,,
,STX16,,,
,STX3,,,
,STX4,,,
,STX7,,,
,STX8,,,
,STXBP1,,,
,STXBP3,,,
,SUOX,,,
,SUSD4,,,
,SWAP70,,,
,TALDO1,,,
,TANK,,,
,TAP1,,,
,TARBP2,,,
,TARM1,,,
,TARS1,,,
,TAX1BP1,,,
,TBC1D23,,,
,TCN2,,,
,TCTN3,,,
,TDGF1,,,
,TEK,,,
,TET2,,,
,TF,,,
,TFRC,,,
,TG,,,
,TGFB1,,,
,TGFB2,,,
,TGFBR1,,,
,TGFBR2,,,
,THBD,,,
,THBS4,,,
,THPO,,,
,THSD1,,,
,THY1,,,
,TIGIT,,,
,TIMM8A,,,
,TLR1,,,
,TLR2,,,
,TLR3,,,
,TLR4,,,
,TMED1,,,
,TMEM106A,,,
,TNF,,,
,TNFAIP8L2,,,
,TNFRSF11A,,,
,TNFRSF11B,,,
,TNFRSF13B,,,
,TNFRSF13C,,,
,TNFRSF14,,,
,TNFRSF17,,,
,TNFRSF1A,,,
,TNFRSF1B,,,
,TNFRSF21,,,
,TNFRSF4,,,
,TNFRSF9,,,
,TNFSF11,,,
,TNFSF12,,,
,TNFSF13,,,
,TNFSF13B,,,
,TNFSF14,,,
,TNFSF8,,,
,TNIP1,,,
,TNNI3,,,
,TNXB,,,
,TP53,,,
,TP53BP1,,,
,TP73,,,
,TPM3,,,
,TPR,,,
,TPRKB,,,
,TRAF2,,,
,TRAF3,,,
,TRAF3IP2,,,
,TREM2,,,
,TREML1,,,
,TRIM21,,,
,TRIM25,,,
,TRIM26,,,
,TRIM40,,,
,TRIM5,,,
,TRIM58,,,
,TSC1,,,
,TSC22D1,,,
,TSHB,,,
,TSLP,,,
,TTN,,,
,TXK,,,
,TYRO3,,,
,UBE2L6,,,
,UFD1,,,
,ULBP2,,,
,UMOD,,,
,UNG,,,
,UROD,,,
,UROS,,,
,USP8,,,
,VAMP8,,,
,VAV3,,,
,VCAM1,,,
,VEGFA,,,
,VEGFB,,,
,VEGFC,,,
,VEGFD,,,
,VIM,,,
,VNN1,,,
,VSIG4,,,
,VSIR,,,
,VTCN1,,,
,VWF,,,
,WAS,,,
,WASF1,,,
,WASL,,,
,WFDC12,,,
,WFDC2,,,
,XCL1,,,
,XG,,,
,XIAP,,,
,XRCC4,,,
,YARS1,,,
,YES1,,,
,YTHDF3,,,
,YY1,,,
,ZBP1,,,
,ZBTB16,,,
,ZBTB17,,,
,ZNRF4,,,
,ZP3,,,
,ZP4,,,
,ZPR1,,,
